<?xml version="1.0" encoding="utf-8"?>
<odoo>
    <data noupdate="1">
        <record id="ir_cron_hr_attendance_sheet_monthly_create" model="ir.cron">
            <field name="name">Monthly Create Attendance Sheet</field>
            <field name="active" eval="True"/>
            <field name="interval_number">7</field>
            <field name="interval_type">days</field>
            <field name="numbercall">-1</field>
            <field name="state">code</field>
            <field name="code">model._cron_generate_attendance_sheet()</field>
            <field name="doall" eval="False"/>
            <field name="model_id"
                   ref="hr_attendance_sheet.model_attendance_sheet"/>
        </record>

        <record id="ir_cron_cds_hr_attendance_sheet_daily_update" model="ir.cron">
            <field name="name">Daily Update Attendance Sheet</field>
            <field name="active" eval="True"/>
            <field name="interval_number">12</field>
            <field name="interval_type">hours</field>
            <field name="numbercall">-1</field>
            <field name="state">code</field>
            <field name="code">model._cron_update_attendance_sheet(shift_days=0)</field>
            <field name="doall" eval="False"/>
            <field name="model_id"
                   ref="hr_attendance_sheet.model_attendance_sheet"/>
        </record>
    </data>
</odoo>